model,accuracy,precision,recall,f1_score,roc_auc
Logistic Regression,0.8416666666666667,0.8055555555555556,0.48333333333333334,0.6041666666666666,0.7987962962962963
Random Forest,0.825,0.725,0.48333333333333334,0.58,0.7923148148148148
Decision Tree,0.7958333333333333,0.6037735849056604,0.5333333333333333,0.5663716814159292,0.7856944444444445
